,Country,Outlet,Month-Year,Ratio
0,International,news.yahoo.com,Jan-2020,0.0007089684509039348
1,USA,csmonitor.com,Jan-2020,0.0
2,UK,express.co.uk,Jan-2020,0.001122586439155815
3,USA,chicagotribune.com,Jan-2020,0.0008830022075055188
4,International,nbcnews.com,Jan-2020,0.0025929127052722557
5,Ireland,breakingnews.ie,Jan-2020,0.0
6,New Zealand,stuff.co.nz,Jan-2020,0.0012260912211868563
7,International,wnd.com,Jan-2020,0.0014035087719298245
8,Australia,theage.com.au,Jan-2020,0.0017720023626698169
9,Australia,thewest.com.au,Jan-2020,0.0022284122562674096
10,International,reuters.com,Jan-2020,0.0010617589807113785
11,UK,telegraph.co.uk,Jan-2020,0.00024906600249066
12,International,edition.cnn.com,Jan-2020,0.0010863661053775121
13,USA,inquirer.com,Jan-2020,0.0016137708445400753
14,UK,thesun.co.uk,Jan-2020,0.000640861317610869
15,Ireland,thesun.ie,Jan-2020,0.0013440860215053765
16,USA,theatlantic.com,Jan-2020,0.0
17,International,aljazeera.com,Jan-2020,0.0006357279084551812
18,Canada,cbc.ca,Jan-2020,0.0026333113890717576
19,Ireland,irishexaminer.com,Jan-2020,0.001954397394136808
20,USA,huffpost.com,Jan-2020,0.0
21,UK,independent.co.uk,Jan-2020,0.0004103405826836274
22,USA,usatoday.com,Jan-2020,0.0011467889908256881
23,UK,thetimes.co.uk,Jan-2020,0.0010614302772986599
24,USA,slate.com,Jan-2020,0.0
25,New Zealand,newshub.co.nz,Jan-2020,0.0008333333333333334
26,UK,morningstaronline.co.uk,Jan-2020,0.0
27,USA,wsj.com,Jan-2020,0.001557026080186843
28,Canada,ctvnews.ca,Jan-2020,0.002916869227029655
29,International,rt.com,Jan-2020,0.0006049606775559589
30,UK,bbc.com,Jan-2020,0.0007127583749109052
31,UK,scotsman.com,Jan-2020,0.0
32,Ireland,irishmirror.ie,Jan-2020,0.0
33,Australia,abc.net.au,Jan-2020,0.0019851116625310174
34,Ireland,irishtimes.com,Jan-2020,0.0
35,Ireland,rte.ie,Jan-2020,0.001589825119236884
36,Canada,theglobeandmail.com,Jan-2020,0.0027124773960217
37,International,cnbc.com,Jan-2020,0.0014342058085335247
38,UK,walesonline.co.uk,Jan-2020,0.0006101281269066504
39,USA,msnbc.com,Jan-2020,0.0006779661016949153
40,Ireland,thejournal.ie,Jan-2020,0.0005333333333333334
41,International,upi.com,Jan-2020,0.003161222339304531
42,UK,liverpoolecho.co.uk,Jan-2020,0.0
43,USA,nytimes.com,Jan-2020,0.0011363636363636363
44,UK,news.sky.com,Jan-2020,0.0012828736369467607
45,Australia,sbs.com.au,Jan-2020,0.001177856301531213
46,Canada,vancouversun.com,Jan-2020,0.00133422281521014
47,Canada,thestar.com,Jan-2020,0.0
48,German,dw.com,Jan-2020,0.0015105740181268882
49,Australia,smh.com.au,Jan-2020,0.0016906170752324597
50,UK,dailystar.co.uk,Jan-2020,0.0006227942702927133
51,Canada,torontosun.com,Jan-2020,0.0021447721179624667
52,USA,thehill.com,Jan-2020,0.001170046801872075
53,USA,nypost.com,Jan-2020,0.0013259082471492973
54,UK,itv.com,Jan-2020,0.0
55,New Zealand,rnz.co.nz,Jan-2020,0.0009487666034155598
56,International,abcnews.go.com,Jan-2020,0.00035561877667140827
57,USA,cbsnews.com,Jan-2020,0.0023264831329972858
58,USA,apnews.com,Jan-2020,0.0006902899217671422
59,USA,time.com,Jan-2020,0.001710863986313088
60,UK,dailymail.co.uk,Jan-2020,0.0008347245409015025
61,Australia,news.com.au,Jan-2020,0.0015938795027095952
62,USA,npr.org,Jan-2020,0.0
63,UK,mirror.co.uk,Jan-2020,0.0006431695394906097
64,USA,bostonglobe.com,Jan-2020,0.0006863417982155113
65,USA,latimes.com,Jan-2020,0.0005737234652897303
66,UK,theguardian.com,Jan-2020,0.0009536524890329964
67,USA,businessinsider.com,Jan-2020,0.0010746910263299302
68,New Zealand,scoop.co.nz,Jan-2020,0.0
69,Australia,9news.com.au,Jan-2020,0.0006489292667099286
70,Australia,afr.com,Jan-2020,0.0013464991023339318
71,UK,channel4.com,Jan-2020,0.0
72,UK,metro.co.uk,Jan-2020,0.0007293946024799417
73,UK,standard.co.uk,Jan-2020,0.0
74,Canada,macleans.ca,Jan-2020,0.0
75,UK,economist.com,Jan-2020,0.0028328611898017
76,New Zealand,nzherald.co.nz,Jan-2020,0.0011392765593847907
77,International,euronews.com,Jan-2020,0.0007782101167315176
78,USA,washingtonpost.com,Jan-2020,0.0002185792349726776
79,France,france24.com,Jan-2020,0.0
80,Ireland,independent.ie,Jan-2020,0.0015748031496062992
81,USA,newsweek.com,Jan-2020,0.0013434841021047917
82,USA,washingtontimes.com,Jan-2020,0.0014272121788772598
83,USA,breitbart.com,Jan-2020,0.0008928571428571428
84,USA,politico.com,Jan-2020,0.0009775171065493646
85,Canada,globalnews.ca,Jan-2020,0.0013175230566534915
86,USA,westernjournal.com,Jan-2020,0.0
87,USA,foxnews.com,Jan-2020,0.001594896331738437
88,USA,businessinsider.com,Feb-2020,0.003421309872922776
89,UK,dailystar.co.uk,Feb-2020,0.0007532011046949536
90,Canada,globalnews.ca,Feb-2020,0.001443001443001443
91,Ireland,independent.ie,Feb-2020,0.0007067137809187279
92,International,edition.cnn.com,Feb-2020,0.0006006006006006006
93,Australia,9news.com.au,Feb-2020,0.0029806259314456036
94,Canada,macleans.ca,Feb-2020,0.0
95,Canada,ctvnews.ca,Feb-2020,0.003076923076923077
96,International,nbcnews.com,Feb-2020,0.0009564801530368245
97,New Zealand,newshub.co.nz,Feb-2020,0.000835421888053467
98,Ireland,breakingnews.ie,Feb-2020,0.009259259259259259
99,Ireland,rte.ie,Feb-2020,0.002369668246445498
100,USA,politico.com,Feb-2020,0.0018083182640144665
101,Ireland,irishmirror.ie,Feb-2020,0.0
102,UK,telegraph.co.uk,Feb-2020,0.0005278437582475588
103,USA,washingtontimes.com,Feb-2020,0.0029702970297029703
104,USA,huffpost.com,Feb-2020,0.0005837711617046118
105,USA,nypost.com,Feb-2020,0.0016533480297602646
106,UK,mirror.co.uk,Feb-2020,0.0005454793399699986
107,Australia,smh.com.au,Feb-2020,0.002264720684448918
108,UK,scotsman.com,Feb-2020,0.0031007751937984496
109,Canada,cbc.ca,Feb-2020,0.003177124702144559
110,International,upi.com,Feb-2020,0.0030864197530864196
111,USA,breitbart.com,Feb-2020,0.0015708451146716933
112,International,euronews.com,Feb-2020,0.0008291873963515755
113,Ireland,irishtimes.com,Feb-2020,0.0011261261261261261
114,USA,chicagotribune.com,Feb-2020,0.0008410428931875525
115,Canada,torontosun.com,Feb-2020,0.0005824111822947001
116,France,france24.com,Feb-2020,0.0048814504881450485
117,International,cnbc.com,Feb-2020,0.0033692722371967657
118,New Zealand,stuff.co.nz,Feb-2020,0.0012686330478908975
119,USA,csmonitor.com,Feb-2020,0.0
120,International,aljazeera.com,Feb-2020,0.00138217000691085
121,UK,channel4.com,Feb-2020,0.0
122,USA,slate.com,Feb-2020,0.0013280212483399733
123,New Zealand,scoop.co.nz,Feb-2020,0.0005589714924538849
124,UK,metro.co.uk,Feb-2020,0.0009897723523589574
125,USA,npr.org,Feb-2020,0.0035169988276670576
126,Ireland,irishexaminer.com,Feb-2020,0.0012626262626262627
127,UK,thesun.co.uk,Feb-2020,0.0006882312456985547
128,USA,foxnews.com,Feb-2020,0.000556689552792726
129,USA,nytimes.com,Feb-2020,0.0
130,International,reuters.com,Feb-2020,0.0026538397744236193
131,International,news.yahoo.com,Feb-2020,0.0020555990602975725
132,USA,inquirer.com,Feb-2020,0.0015965939329430547
133,UK,itv.com,Feb-2020,0.003896103896103896
134,Australia,afr.com,Feb-2020,0.0012111425111021397
135,UK,liverpoolecho.co.uk,Feb-2020,0.0
136,UK,standard.co.uk,Feb-2020,0.0013215859030837004
137,UK,news.sky.com,Feb-2020,0.0007092198581560284
138,UK,independent.co.uk,Feb-2020,0.0008496176720475786
139,UK,walesonline.co.uk,Feb-2020,0.0
140,USA,cbsnews.com,Feb-2020,0.0015735641227380016
141,Australia,news.com.au,Feb-2020,0.0022459292532285235
142,Ireland,thesun.ie,Feb-2020,0.001066477070742979
143,Canada,thestar.com,Feb-2020,0.0
144,Canada,theglobeandmail.com,Feb-2020,0.0016186468112657818
145,International,rt.com,Feb-2020,0.00211864406779661
146,USA,thehill.com,Feb-2020,0.004932182490752158
147,Australia,sbs.com.au,Feb-2020,0.003663003663003663
148,USA,msnbc.com,Feb-2020,0.0006915629322268327
149,USA,washingtonpost.com,Feb-2020,0.0009076469253460404
150,International,wnd.com,Feb-2020,0.0031720856463124504
151,USA,apnews.com,Feb-2020,0.001005530417295123
152,USA,time.com,Feb-2020,0.00667302192564347
153,USA,newsweek.com,Feb-2020,0.0014478764478764478
154,International,abcnews.go.com,Feb-2020,0.0015455950540958269
155,Australia,abc.net.au,Feb-2020,0.0027958993476234857
156,UK,bbc.com,Feb-2020,0.0025136154168412233
157,USA,bostonglobe.com,Feb-2020,0.0026375282592313487
158,Australia,thewest.com.au,Feb-2020,0.0023228803716608595
159,UK,economist.com,Feb-2020,0.0033783783783783786
160,USA,latimes.com,Feb-2020,0.0008955223880597015
161,USA,usatoday.com,Feb-2020,0.0006978367062107466
162,Ireland,thejournal.ie,Feb-2020,0.0005189413596263622
163,New Zealand,rnz.co.nz,Feb-2020,0.0
164,USA,theatlantic.com,Feb-2020,0.0015600624024961
165,UK,morningstaronline.co.uk,Feb-2020,0.0
166,Australia,theage.com.au,Feb-2020,0.002703433360367667
167,USA,wsj.com,Feb-2020,0.002016942315449778
168,UK,thetimes.co.uk,Feb-2020,0.0010813733441470668
169,German,dw.com,Feb-2020,0.0032388663967611335
170,UK,theguardian.com,Feb-2020,0.0019665683382497543
171,USA,westernjournal.com,Feb-2020,0.0024009603841536613
172,UK,express.co.uk,Feb-2020,0.002614527679890872
173,Canada,vancouversun.com,Feb-2020,0.0007220216606498195
174,UK,dailymail.co.uk,Feb-2020,0.0011333585190782018
175,New Zealand,nzherald.co.nz,Feb-2020,0.0005825808330905913
176,Australia,sbs.com.au,Mar-2020,0.010706638115631691
177,USA,breitbart.com,Mar-2020,0.0034227039361095267
178,International,abcnews.go.com,Mar-2020,0.002926421404682274
179,Australia,afr.com,Mar-2020,0.002179440610243371
180,UK,scotsman.com,Mar-2020,0.0
181,Australia,abc.net.au,Mar-2020,0.003800675675675676
182,USA,washingtontimes.com,Mar-2020,0.0037328909166321027
183,USA,newsweek.com,Mar-2020,0.005706760316066725
184,UK,channel4.com,Mar-2020,0.007782101167315175
185,Australia,theage.com.au,Mar-2020,0.003922594142259414
186,USA,chicagotribune.com,Mar-2020,0.002297090352220521
187,UK,standard.co.uk,Mar-2020,0.002145922746781116
188,UK,walesonline.co.uk,Mar-2020,0.0011675423234092236
189,USA,msnbc.com,Mar-2020,0.006587615283267457
190,USA,nytimes.com,Mar-2020,0.002863961813842482
191,UK,dailystar.co.uk,Mar-2020,0.0019964064683569574
192,USA,npr.org,Mar-2020,0.0055658627087198514
193,France,france24.com,Mar-2020,0.005777007510109763
194,USA,theatlantic.com,Mar-2020,0.0024813895781637717
195,UK,telegraph.co.uk,Mar-2020,0.004342581423401689
196,Ireland,thejournal.ie,Mar-2020,0.0014955134596211367
197,International,euronews.com,Mar-2020,0.0018587360594795538
198,USA,latimes.com,Mar-2020,0.0020151133501259445
199,International,cnbc.com,Mar-2020,0.007512953367875648
200,USA,csmonitor.com,Mar-2020,0.0
201,UK,liverpoolecho.co.uk,Mar-2020,0.00047281323877068556
202,International,aljazeera.com,Mar-2020,0.005076142131979695
203,USA,time.com,Mar-2020,0.004389815627743635
204,USA,usatoday.com,Mar-2020,0.0031479538300104933
205,New Zealand,stuff.co.nz,Mar-2020,0.00395010395010395
206,UK,dailymail.co.uk,Mar-2020,0.0030098370283365146
207,Australia,9news.com.au,Mar-2020,0.006027397260273973
208,International,edition.cnn.com,Mar-2020,0.0038272279934390375
209,Ireland,rte.ie,Mar-2020,0.0012970168612191958
210,UK,itv.com,Mar-2020,0.007470651013874066
211,Australia,news.com.au,Mar-2020,0.003700540848277825
212,USA,slate.com,Mar-2020,0.0010845986984815619
213,Canada,macleans.ca,Mar-2020,0.004608294930875576
214,UK,bbc.com,Mar-2020,0.0022655188038060714
215,Ireland,irishtimes.com,Mar-2020,0.0034411562284927736
216,Australia,smh.com.au,Mar-2020,0.002472799208704253
217,USA,apnews.com,Mar-2020,0.002152852529601722
218,USA,westernjournal.com,Mar-2020,0.002976190476190476
219,Canada,cbc.ca,Mar-2020,0.005809128630705394
220,USA,inquirer.com,Mar-2020,0.00477326968973747
221,Canada,torontosun.com,Mar-2020,0.003092783505154639
222,USA,thehill.com,Mar-2020,0.004667081518357187
223,International,nbcnews.com,Mar-2020,0.0041841004184100415
224,Canada,thestar.com,Mar-2020,0.0022271714922048997
225,International,wnd.com,Mar-2020,0.006521739130434782
226,UK,thetimes.co.uk,Mar-2020,0.002483984834618904
227,UK,metro.co.uk,Mar-2020,0.0025926886180969665
228,International,rt.com,Mar-2020,0.005013927576601671
229,UK,thesun.co.uk,Mar-2020,0.002477829942618675
230,Canada,globalnews.ca,Mar-2020,0.004754358161648178
231,UK,mirror.co.uk,Mar-2020,0.003599801390268123
232,Ireland,irishexaminer.com,Mar-2020,0.0032441200324412004
233,Ireland,thesun.ie,Mar-2020,0.001111287505953326
234,Canada,ctvnews.ca,Mar-2020,0.004424778761061947
235,USA,cbsnews.com,Mar-2020,0.00932684509326845
236,Ireland,independent.ie,Mar-2020,0.002910360884749709
237,USA,huffpost.com,Mar-2020,0.0014251781472684087
238,Ireland,irishmirror.ie,Mar-2020,0.0024330900243309003
239,New Zealand,nzherald.co.nz,Mar-2020,0.0032458750338111983
240,UK,independent.co.uk,Mar-2020,0.0049130763416477706
241,USA,foxnews.com,Mar-2020,0.005112474437627812
242,USA,nypost.com,Mar-2020,0.0036214389183969096
243,Canada,theglobeandmail.com,Mar-2020,0.0020384391380314504
244,New Zealand,rnz.co.nz,Mar-2020,0.007009345794392523
245,German,dw.com,Mar-2020,0.010810810810810811
246,UK,morningstaronline.co.uk,Mar-2020,0.0
247,UK,news.sky.com,Mar-2020,0.0012845215157353885
248,New Zealand,scoop.co.nz,Mar-2020,0.0020909566126502874
249,International,news.yahoo.com,Mar-2020,0.007225288509784245
250,USA,wsj.com,Mar-2020,0.006306937631394534
251,International,upi.com,Mar-2020,0.003458498023715415
252,UK,economist.com,Mar-2020,0.003115264797507788
253,USA,washingtonpost.com,Mar-2020,0.003579952267303103
254,USA,businessinsider.com,Mar-2020,0.005642633228840125
255,International,reuters.com,Mar-2020,0.003065228052967141
256,Canada,vancouversun.com,Mar-2020,0.00267379679144385
257,USA,bostonglobe.com,Mar-2020,0.005745292052345995
258,Australia,thewest.com.au,Mar-2020,0.0023073373327180432
259,USA,politico.com,Mar-2020,0.00422237860661506
260,New Zealand,newshub.co.nz,Mar-2020,0.003328894806924101
261,UK,express.co.uk,Mar-2020,0.005188199389623601
262,UK,theguardian.com,Mar-2020,0.004379050621825188
263,Ireland,breakingnews.ie,Mar-2020,0.003389830508474576
264,USA,newsweek.com,Apr-2020,0.008963367108339828
265,UK,economist.com,Apr-2020,0.021352313167259787
266,France,france24.com,Apr-2020,0.011292346298619825
267,Ireland,rte.ie,Apr-2020,0.011806375442739079
268,New Zealand,newshub.co.nz,Apr-2020,0.00646830530401035
269,New Zealand,scoop.co.nz,Apr-2020,0.005120702267739576
270,USA,washingtontimes.com,Apr-2020,0.006389776357827476
271,USA,theatlantic.com,Apr-2020,0.001379310344827586
272,UK,metro.co.uk,Apr-2020,0.006729475100942127
273,International,edition.cnn.com,Apr-2020,0.008134805345729227
274,International,upi.com,Apr-2020,0.005997001499250375
275,UK,bbc.com,Apr-2020,0.0073937153419593345
276,USA,nypost.com,Apr-2020,0.007146377525874815
277,UK,liverpoolecho.co.uk,Apr-2020,0.004701457451810061
278,New Zealand,rnz.co.nz,Apr-2020,0.007309941520467836
279,New Zealand,stuff.co.nz,Apr-2020,0.007093635995135792
280,UK,dailymail.co.uk,Apr-2020,0.004520990312163617
281,UK,mirror.co.uk,Apr-2020,0.006979306967062569
282,Ireland,independent.ie,Apr-2020,0.0035190615835777126
283,Canada,cbc.ca,Apr-2020,0.01023391812865497
284,International,reuters.com,Apr-2020,0.0054216007989727494
285,Australia,theage.com.au,Apr-2020,0.009386916984452919
286,International,cnbc.com,Apr-2020,0.01264800861141012
287,USA,westernjournal.com,Apr-2020,0.005543237250554324
288,Australia,9news.com.au,Apr-2020,0.01461495222034851
289,USA,businessinsider.com,Apr-2020,0.011166253101736972
290,USA,latimes.com,Apr-2020,0.003607103218645949
291,USA,washingtonpost.com,Apr-2020,0.004606273305549463
292,USA,usatoday.com,Apr-2020,0.0
293,UK,channel4.com,Apr-2020,0.014150943396226415
294,Australia,abc.net.au,Apr-2020,0.011754827875734676
295,UK,independent.co.uk,Apr-2020,0.007878446820483961
296,USA,thehill.com,Apr-2020,0.008681135225375626
297,USA,slate.com,Apr-2020,0.006211180124223602
298,UK,itv.com,Apr-2020,0.009109311740890687
299,UK,thetimes.co.uk,Apr-2020,0.007967528562838245
300,Canada,globalnews.ca,Apr-2020,0.007281553398058253
301,UK,dailystar.co.uk,Apr-2020,0.006686649757897164
302,UK,standard.co.uk,Apr-2020,0.007803355442840421
303,UK,walesonline.co.uk,Apr-2020,0.0027378507871321013
304,UK,telegraph.co.uk,Apr-2020,0.008899876390605686
305,Ireland,irishtimes.com,Apr-2020,0.006559766763848397
306,Ireland,breakingnews.ie,Apr-2020,0.016042780748663103
307,International,wnd.com,Apr-2020,0.007722007722007722
308,Ireland,thesun.ie,Apr-2020,0.004796163069544364
309,International,euronews.com,Apr-2020,0.011869436201780416
310,Ireland,thejournal.ie,Apr-2020,0.0066090493136756485
311,Canada,thestar.com,Apr-2020,0.009174311926605505
312,USA,politico.com,Apr-2020,0.005083514887436456
313,USA,breitbart.com,Apr-2020,0.005549065420560747
314,Canada,torontosun.com,Apr-2020,0.006662965019433648
315,USA,cbsnews.com,Apr-2020,0.011138613861386138
316,USA,wsj.com,Apr-2020,0.00744324525493115
317,USA,bostonglobe.com,Apr-2020,0.0036850921273031824
318,New Zealand,nzherald.co.nz,Apr-2020,0.008264462809917356
319,UK,morningstaronline.co.uk,Apr-2020,0.0
320,USA,huffpost.com,Apr-2020,0.005437469105289174
321,International,nbcnews.com,Apr-2020,0.011509817197020988
322,USA,apnews.com,Apr-2020,0.005270457697642164
323,USA,msnbc.com,Apr-2020,0.020209580838323353
324,Canada,vancouversun.com,Apr-2020,0.008547008547008548
325,Canada,macleans.ca,Apr-2020,0.013215859030837005
326,International,rt.com,Apr-2020,0.013569321533923304
327,UK,express.co.uk,Apr-2020,0.007192744709684145
328,USA,time.com,Apr-2020,0.0030643513789581204
329,Ireland,irishexaminer.com,Apr-2020,0.008046817849305048
330,Australia,sbs.com.au,Apr-2020,0.01050420168067227
331,UK,thesun.co.uk,Apr-2020,0.0052721760906814285
332,German,dw.com,Apr-2020,0.015370705244122965
333,Ireland,irishmirror.ie,Apr-2020,0.0027739251040221915
334,International,news.yahoo.com,Apr-2020,0.010131994794571482
335,Canada,theglobeandmail.com,Apr-2020,0.009971953879713306
336,USA,inquirer.com,Apr-2020,0.006532897806812879
337,USA,csmonitor.com,Apr-2020,0.0026666666666666666
338,USA,nytimes.com,Apr-2020,0.011598587997982855
339,USA,chicagotribune.com,Apr-2020,0.0019817677368212444
340,International,aljazeera.com,Apr-2020,0.008908685968819599
341,Australia,smh.com.au,Apr-2020,0.00756033730735679
342,UK,news.sky.com,Apr-2020,0.014857142857142857
343,Australia,news.com.au,Apr-2020,0.009722222222222222
344,Australia,thewest.com.au,Apr-2020,0.0038131553860819827
345,International,abcnews.go.com,Apr-2020,0.007525083612040134
346,USA,npr.org,Apr-2020,0.009865470852017937
347,UK,theguardian.com,Apr-2020,0.006382579312934109
348,Australia,afr.com,Apr-2020,0.00625
349,Canada,ctvnews.ca,Apr-2020,0.00944733112895607
350,UK,scotsman.com,Apr-2020,0.010638297872340425
351,USA,foxnews.com,Apr-2020,0.00676873489121676
352,UK,thetimes.co.uk,May-2020,0.006309590577678071
353,USA,foxnews.com,May-2020,0.008017817371937639
354,Australia,news.com.au,May-2020,0.009389671361502348
355,Canada,thestar.com,May-2020,0.005865102639296188
356,UK,mirror.co.uk,May-2020,0.004459443172230927
357,Canada,ctvnews.ca,May-2020,0.013513513513513514
358,New Zealand,newshub.co.nz,May-2020,0.005087209302325582
359,New Zealand,rnz.co.nz,May-2020,0.01168736303871439
360,Canada,globalnews.ca,May-2020,0.008185899128597835
361,UK,independent.co.uk,May-2020,0.01066447908121411
362,USA,breitbart.com,May-2020,0.009018857611369226
363,Ireland,irishexaminer.com,May-2020,0.008381689232753063
364,UK,liverpoolecho.co.uk,May-2020,0.002591792656587473
365,USA,huffpost.com,May-2020,0.010943199583116207
366,UK,express.co.uk,May-2020,0.00723725613593455
367,USA,cbsnews.com,May-2020,0.026823134953897737
368,Australia,smh.com.au,May-2020,0.012363023321157629
369,Canada,torontosun.com,May-2020,0.0038147138964577656
370,New Zealand,stuff.co.nz,May-2020,0.007273482959268496
371,UK,standard.co.uk,May-2020,0.006004945249028612
372,UK,metro.co.uk,May-2020,0.003541269408880414
373,New Zealand,nzherald.co.nz,May-2020,0.006340579710144928
374,UK,bbc.com,May-2020,0.01171875
375,Ireland,breakingnews.ie,May-2020,0.01
376,Australia,afr.com,May-2020,0.010082150858849889
377,International,wnd.com,May-2020,0.01455604075691412
378,USA,slate.com,May-2020,0.011019283746556474
379,International,aljazeera.com,May-2020,0.015285126396237508
380,USA,msnbc.com,May-2020,0.02977346278317152
381,USA,chicagotribune.com,May-2020,0.005339028296849973
382,Australia,sbs.com.au,May-2020,0.01348747591522158
383,USA,time.com,May-2020,0.010180995475113122
384,UK,telegraph.co.uk,May-2020,0.0091164095371669
385,International,euronews.com,May-2020,0.022128556375131718
386,USA,inquirer.com,May-2020,0.011178861788617886
387,Australia,abc.net.au,May-2020,0.01464513706346226
388,USA,thehill.com,May-2020,0.020531807472231572
389,Ireland,irishmirror.ie,May-2020,0.001443001443001443
390,UK,channel4.com,May-2020,0.012987012987012988
391,USA,washingtonpost.com,May-2020,0.010902094912355708
392,Ireland,independent.ie,May-2020,0.00392156862745098
393,Canada,vancouversun.com,May-2020,0.01090909090909091
394,UK,dailystar.co.uk,May-2020,0.0029782359679266894
395,Canada,macleans.ca,May-2020,0.011904761904761904
396,USA,nytimes.com,May-2020,0.022395833333333334
397,UK,morningstaronline.co.uk,May-2020,0.007575757575757576
398,USA,bostonglobe.com,May-2020,0.008919015340706386
399,Australia,9news.com.au,May-2020,0.012462908011869436
400,USA,latimes.com,May-2020,0.007802746566791511
401,UK,itv.com,May-2020,0.009698275862068966
402,Canada,cbc.ca,May-2020,0.016140865737344093
403,USA,westernjournal.com,May-2020,0.0045045045045045045
404,USA,npr.org,May-2020,0.016791044776119403
405,USA,theatlantic.com,May-2020,0.0028530670470756064
406,USA,apnews.com,May-2020,0.005023863350916855
407,USA,politico.com,May-2020,0.018900343642611683
408,UK,walesonline.co.uk,May-2020,0.0021019442984760903
409,USA,wsj.com,May-2020,0.016929133858267716
410,Ireland,rte.ie,May-2020,0.011379800853485065
411,International,reuters.com,May-2020,0.01316895488932474
412,Ireland,thejournal.ie,May-2020,0.004914004914004914
413,USA,businessinsider.com,May-2020,0.013522215067611075
414,UK,economist.com,May-2020,0.0
415,France,france24.com,May-2020,0.01080737444373808
416,Ireland,thesun.ie,May-2020,0.005636743215031315
417,UK,theguardian.com,May-2020,0.007705008255365988
418,USA,washingtontimes.com,May-2020,0.013494648673801768
419,UK,thesun.co.uk,May-2020,0.004342273307790549
420,Australia,theage.com.au,May-2020,0.010425240054869684
421,International,nbcnews.com,May-2020,0.019114688128772636
422,USA,newsweek.com,May-2020,0.012537993920972644
423,Australia,thewest.com.au,May-2020,0.005442176870748299
424,USA,csmonitor.com,May-2020,0.0028089887640449437
425,International,edition.cnn.com,May-2020,0.013319126265316995
426,USA,usatoday.com,May-2020,0.005787037037037037
427,UK,news.sky.com,May-2020,0.012141280353200883
428,UK,dailymail.co.uk,May-2020,0.004548504958616062
429,International,upi.com,May-2020,0.012285012285012284
430,USA,nypost.com,May-2020,0.008004131164471986
431,International,rt.com,May-2020,0.015211267605633802
432,International,cnbc.com,May-2020,0.035290714492334396
433,International,news.yahoo.com,May-2020,0.023353118614381628
434,New Zealand,scoop.co.nz,May-2020,0.00966183574879227
435,German,dw.com,May-2020,0.019983347210657785
436,UK,scotsman.com,May-2020,0.0034207525655644243
437,Canada,theglobeandmail.com,May-2020,0.012718600953895072
438,Ireland,irishtimes.com,May-2020,0.007806691449814126
439,International,abcnews.go.com,May-2020,0.011783827712312069
440,UK,thesun.co.uk,Jun-2020,0.002875816993464052
441,Canada,ctvnews.ca,Jun-2020,0.01018149623727313
442,UK,scotsman.com,Jun-2020,0.002912621359223301
443,UK,independent.co.uk,Jun-2020,0.005907837731390311
444,UK,dailystar.co.uk,Jun-2020,0.0003899395593682979
445,UK,telegraph.co.uk,Jun-2020,0.0046210720887245845
446,USA,time.com,Jun-2020,0.005235602094240838
447,USA,bostonglobe.com,Jun-2020,0.0048689138576779025
448,Australia,afr.com,Jun-2020,0.0022363026462914647
449,USA,businessinsider.com,Jun-2020,0.006081668114682885
450,USA,chicagotribune.com,Jun-2020,0.0027816411682892906
451,New Zealand,nzherald.co.nz,Jun-2020,0.0029351335485764602
452,Canada,globalnews.ca,Jun-2020,0.00583171341294085
453,Australia,theage.com.au,Jun-2020,0.003613118399110617
454,Ireland,rte.ie,Jun-2020,0.0013623978201634877
455,Ireland,irishtimes.com,Jun-2020,0.004372687521022536
456,Canada,macleans.ca,Jun-2020,0.0
457,USA,newsweek.com,Jun-2020,0.006097560975609756
458,New Zealand,newshub.co.nz,Jun-2020,0.0
459,USA,slate.com,Jun-2020,0.004178272980501393
460,Ireland,independent.ie,Jun-2020,0.003970880211780278
461,Australia,smh.com.au,Jun-2020,0.0033048746901679976
462,Ireland,irishexaminer.com,Jun-2020,0.00546448087431694
463,France,france24.com,Jun-2020,0.0070126227208976155
464,UK,walesonline.co.uk,Jun-2020,0.0
465,UK,standard.co.uk,Jun-2020,0.0021015761821366026
466,USA,breitbart.com,Jun-2020,0.0015868817773075905
467,UK,itv.com,Jun-2020,0.003778337531486146
468,USA,washingtontimes.com,Jun-2020,0.004016064257028112
469,USA,wsj.com,Jun-2020,0.008152173913043478
470,International,cnbc.com,Jun-2020,0.008541973490427098
471,German,dw.com,Jun-2020,0.016329704510108865
472,Canada,cbc.ca,Jun-2020,0.007240547063555913
473,Ireland,thejournal.ie,Jun-2020,0.0005254860746190226
474,USA,theatlantic.com,Jun-2020,0.0
475,UK,news.sky.com,Jun-2020,0.0080413555427915
476,International,wnd.com,Jun-2020,0.00778816199376947
477,UK,morningstaronline.co.uk,Jun-2020,0.0
478,USA,latimes.com,Jun-2020,0.004420587306599305
479,Ireland,irishmirror.ie,Jun-2020,0.001968503937007874
480,Ireland,thesun.ie,Jun-2020,0.0015763546798029558
481,UK,thetimes.co.uk,Jun-2020,0.0033798056611744824
482,Australia,news.com.au,Jun-2020,0.0027649769585253456
483,Canada,torontosun.com,Jun-2020,0.0010793308148947653
484,USA,thehill.com,Jun-2020,0.006077940650697175
485,International,rt.com,Jun-2020,0.005994005994005994
486,USA,huffpost.com,Jun-2020,0.0036515388628064684
487,Ireland,breakingnews.ie,Jun-2020,0.0
488,USA,nypost.com,Jun-2020,0.0018577494692144374
489,UK,channel4.com,Jun-2020,0.004048582995951417
490,USA,washingtonpost.com,Jun-2020,0.004961753152780649
491,International,upi.com,Jun-2020,0.00796812749003984
492,USA,cbsnews.com,Jun-2020,0.009478672985781991
493,Australia,abc.net.au,Jun-2020,0.0049504950495049506
494,International,edition.cnn.com,Jun-2020,0.005758157389635317
495,International,euronews.com,Jun-2020,0.011538461538461539
496,International,reuters.com,Jun-2020,0.01015228426395939
497,USA,westernjournal.com,Jun-2020,0.0010660980810234541
498,International,news.yahoo.com,Jun-2020,0.008796440028976508
499,USA,politico.com,Jun-2020,0.006042296072507553
500,UK,metro.co.uk,Jun-2020,0.0020325203252032522
501,USA,usatoday.com,Jun-2020,0.0040941658137154556
502,International,nbcnews.com,Jun-2020,0.004491017964071856
503,International,abcnews.go.com,Jun-2020,0.006512006512006512
504,UK,liverpoolecho.co.uk,Jun-2020,0.00039261876717707107
505,USA,foxnews.com,Jun-2020,0.004040685523199109
506,New Zealand,scoop.co.nz,Jun-2020,0.0038255547054322878
507,Australia,thewest.com.au,Jun-2020,0.00044802867383512545
508,UK,dailymail.co.uk,Jun-2020,0.0031269543464665416
509,UK,mirror.co.uk,Jun-2020,0.001700873114865631
510,Canada,thestar.com,Jun-2020,0.003808073115003808
511,International,aljazeera.com,Jun-2020,0.008269344359125812
512,New Zealand,stuff.co.nz,Jun-2020,0.002010454362685967
513,Canada,theglobeandmail.com,Jun-2020,0.008831321754489255
514,UK,theguardian.com,Jun-2020,0.005872637181134153
515,Canada,vancouversun.com,Jun-2020,0.007575757575757576
516,Australia,9news.com.au,Jun-2020,0.006300114547537228
517,USA,apnews.com,Jun-2020,0.004374286801065044
518,USA,npr.org,Jun-2020,0.01068566340160285
519,USA,nytimes.com,Jun-2020,0.00823529411764706
520,UK,economist.com,Jun-2020,0.0033444816053511705
521,Australia,sbs.com.au,Jun-2020,0.004228329809725159
522,USA,inquirer.com,Jun-2020,0.004177545691906005
523,UK,express.co.uk,Jun-2020,0.004134366925064599
524,New Zealand,rnz.co.nz,Jun-2020,0.0027548209366391185
525,UK,bbc.com,Jun-2020,0.003844510892780863
526,USA,csmonitor.com,Jun-2020,0.0
527,USA,msnbc.com,Jun-2020,0.0013253810470510272
528,International,edition.cnn.com,Jul-2020,0.016235190873189996
529,UK,channel4.com,Jul-2020,0.027624309392265192
530,New Zealand,newshub.co.nz,Jul-2020,0.00522875816993464
531,UK,scotsman.com,Jul-2020,0.008348794063079777
532,UK,news.sky.com,Jul-2020,0.01665741254858412
533,UK,morningstaronline.co.uk,Jul-2020,0.0
534,New Zealand,stuff.co.nz,Jul-2020,0.005811841627315656
535,USA,slate.com,Jul-2020,0.0014792899408284023
536,USA,csmonitor.com,Jul-2020,0.002512562814070352
537,International,upi.com,Jul-2020,0.013029315960912053
538,Canada,ctvnews.ca,Jul-2020,0.015808491418247517
539,France,france24.com,Jul-2020,0.010575793184488837
540,Ireland,independent.ie,Jul-2020,0.0071581961345740875
541,New Zealand,scoop.co.nz,Jul-2020,0.007425742574257425
542,USA,time.com,Jul-2020,0.015659955257270694
543,UK,dailystar.co.uk,Jul-2020,0.002269913330581923
544,USA,washingtonpost.com,Jul-2020,0.012222912782266417
545,Australia,afr.com,Jul-2020,0.007874015748031496
546,Australia,abc.net.au,Jul-2020,0.011403853716083366
547,USA,theatlantic.com,Jul-2020,0.004966887417218543
548,UK,economist.com,Jul-2020,0.006369426751592357
549,USA,businessinsider.com,Jul-2020,0.015960984260696077
550,USA,msnbc.com,Jul-2020,0.016570605187319884
551,USA,nytimes.com,Jul-2020,0.014723926380368098
552,USA,foxnews.com,Jul-2020,0.007000145836371591
553,USA,breitbart.com,Jul-2020,0.005817174515235457
554,International,aljazeera.com,Jul-2020,0.016018306636155607
555,Australia,theage.com.au,Jul-2020,0.010266370699223086
556,USA,inquirer.com,Jul-2020,0.010130246020260492
557,USA,latimes.com,Jul-2020,0.007380073800738007
558,Canada,macleans.ca,Jul-2020,0.0078125
559,Ireland,irishmirror.ie,Jul-2020,0.004024144869215292
560,Ireland,irishexaminer.com,Jul-2020,0.005529225908372828
561,Ireland,rte.ie,Jul-2020,0.012704174228675136
562,Ireland,irishtimes.com,Jul-2020,0.008735150244584208
563,USA,npr.org,Jul-2020,0.01323918799646955
564,Canada,vancouversun.com,Jul-2020,0.0
565,USA,huffpost.com,Jul-2020,0.00776914539400666
566,Ireland,breakingnews.ie,Jul-2020,0.0078125
567,USA,chicagotribune.com,Jul-2020,0.007615230460921844
568,Australia,smh.com.au,Jul-2020,0.009350788137857334
569,UK,bbc.com,Jul-2020,0.008018327605956471
570,Canada,globalnews.ca,Jul-2020,0.012471655328798186
571,International,reuters.com,Jul-2020,0.021955503512880562
572,New Zealand,nzherald.co.nz,Jul-2020,0.006558311947533505
573,International,news.yahoo.com,Jul-2020,0.012241538936323423
574,Ireland,thejournal.ie,Jul-2020,0.004314477468839885
575,USA,thehill.com,Jul-2020,0.018290538163911362
576,International,nbcnews.com,Jul-2020,0.012048192771084338
577,International,cnbc.com,Jul-2020,0.033949681721733856
578,German,dw.com,Jul-2020,0.015491866769945779
579,International,wnd.com,Jul-2020,0.012965964343598054
580,Canada,torontosun.com,Jul-2020,0.005552128315854411
581,UK,metro.co.uk,Jul-2020,0.004039238315060588
582,USA,apnews.com,Jul-2020,0.007518796992481203
583,UK,thetimes.co.uk,Jul-2020,0.0066233938269969535
584,USA,washingtontimes.com,Jul-2020,0.0076481835564053535
585,International,euronews.com,Jul-2020,0.016407599309153715
586,USA,wsj.com,Jul-2020,0.014778325123152709
587,USA,westernjournal.com,Jul-2020,0.007554296506137866
588,UK,standard.co.uk,Jul-2020,0.011164274322169059
589,Australia,news.com.au,Jul-2020,0.004233700254022015
590,USA,nypost.com,Jul-2020,0.004879448909299655
591,Australia,sbs.com.au,Jul-2020,0.004597701149425287
592,Canada,cbc.ca,Jul-2020,0.003015075376884422
593,International,rt.com,Jul-2020,0.014198782961460446
594,UK,telegraph.co.uk,Jul-2020,0.009926131117266852
595,UK,independent.co.uk,Jul-2020,0.006369426751592357
596,USA,politico.com,Jul-2020,0.021360759493670885
597,USA,cbsnews.com,Jul-2020,0.01832208293153327
598,Canada,thestar.com,Jul-2020,0.004457652303120356
599,New Zealand,rnz.co.nz,Jul-2020,0.003993610223642172
600,USA,bostonglobe.com,Jul-2020,0.009996429846483398
601,UK,liverpoolecho.co.uk,Jul-2020,0.004339250493096647
602,UK,thesun.co.uk,Jul-2020,0.004851496864276417
603,Australia,9news.com.au,Jul-2020,0.01675977653631285
604,International,abcnews.go.com,Jul-2020,0.01187178472497032
605,UK,walesonline.co.uk,Jul-2020,0.004354926510615134
606,UK,dailymail.co.uk,Jul-2020,0.004705003734129948
607,UK,itv.com,Jul-2020,0.03821656050955414
608,Ireland,thesun.ie,Jul-2020,0.0018389113644722325
609,USA,newsweek.com,Jul-2020,0.01141804788213628
610,Australia,thewest.com.au,Jul-2020,0.002168256721595837
611,UK,express.co.uk,Jul-2020,0.00583266291230893
612,UK,theguardian.com,Jul-2020,0.00883489784649365
613,USA,usatoday.com,Jul-2020,0.01166489925768823
614,Canada,theglobeandmail.com,Jul-2020,0.014009526478005043
615,UK,mirror.co.uk,Jul-2020,0.003578570676770866
616,International,news.yahoo.com,Aug-2020,0.016579770594369134
617,USA,csmonitor.com,Aug-2020,0.008064516129032258
618,International,euronews.com,Aug-2020,0.01876172607879925
619,USA,nytimes.com,Aug-2020,0.016981132075471698
620,Australia,9news.com.au,Aug-2020,0.027944111776447105
621,Canada,globalnews.ca,Aug-2020,0.018333333333333333
622,Canada,vancouversun.com,Aug-2020,0.0
623,Canada,theglobeandmail.com,Aug-2020,0.014865637507146942
624,USA,inquirer.com,Aug-2020,0.009188361408882083
625,USA,npr.org,Aug-2020,0.014450867052023121
626,France,france24.com,Aug-2020,0.006420545746388443
627,Australia,abc.net.au,Aug-2020,0.027324343506032647
628,Canada,cbc.ca,Aug-2020,0.012448132780082987
629,UK,morningstaronline.co.uk,Aug-2020,0.027777777777777776
630,UK,standard.co.uk,Aug-2020,0.007194244604316547
631,Australia,sbs.com.au,Aug-2020,0.020247469066366704
632,USA,latimes.com,Aug-2020,0.0037572254335260114
633,Ireland,thesun.ie,Aug-2020,0.001664508969853893
634,UK,liverpoolecho.co.uk,Aug-2020,0.0008025682182985554
635,UK,dailystar.co.uk,Aug-2020,0.0032986551636640447
636,Australia,news.com.au,Aug-2020,0.012905075996558647
637,USA,msnbc.com,Aug-2020,0.008295625942684766
638,USA,nypost.com,Aug-2020,0.0078125
639,USA,washingtontimes.com,Aug-2020,0.011375387797311272
640,USA,newsweek.com,Aug-2020,0.019546868058640605
641,Canada,torontosun.com,Aug-2020,0.01393188854489164
642,Australia,thewest.com.au,Aug-2020,0.004464285714285714
643,UK,itv.com,Aug-2020,0.008048289738430584
644,USA,slate.com,Aug-2020,0.012084592145015106
645,UK,scotsman.com,Aug-2020,0.0
646,International,aljazeera.com,Aug-2020,0.017220172201722016
647,International,edition.cnn.com,Aug-2020,0.017105871474803514
648,UK,theguardian.com,Aug-2020,0.008703703703703703
649,Australia,theage.com.au,Aug-2020,0.01100966702470462
650,USA,breitbart.com,Aug-2020,0.005861010326542004
651,USA,businessinsider.com,Aug-2020,0.01380952380952381
652,UK,news.sky.com,Aug-2020,0.011037527593818985
653,International,wnd.com,Aug-2020,0.014503263234227702
654,USA,westernjournal.com,Aug-2020,0.007874015748031496
655,Ireland,independent.ie,Aug-2020,0.007910349373764008
656,Canada,ctvnews.ca,Aug-2020,0.013080739738385205
657,Canada,macleans.ca,Aug-2020,0.04854368932038835
658,International,nbcnews.com,Aug-2020,0.009029345372460496
659,New Zealand,nzherald.co.nz,Aug-2020,0.008422234699606962
660,Australia,afr.com,Aug-2020,0.013260795647738865
661,USA,washingtonpost.com,Aug-2020,0.006533278889342589
662,Ireland,breakingnews.ie,Aug-2020,0.0049382716049382715
663,New Zealand,rnz.co.nz,Aug-2020,0.006756756756756757
664,USA,apnews.com,Aug-2020,0.005409582689335394
665,UK,dailymail.co.uk,Aug-2020,0.003963221306277742
666,USA,bostonglobe.com,Aug-2020,0.008455882352941176
667,Ireland,thejournal.ie,Aug-2020,0.005128205128205128
668,USA,politico.com,Aug-2020,0.01804511278195489
669,International,reuters.com,Aug-2020,0.0283921568627451
670,USA,thehill.com,Aug-2020,0.01761467889908257
671,International,upi.com,Aug-2020,0.012863268222963315
672,International,abcnews.go.com,Aug-2020,0.010624734381640459
673,USA,chicagotribune.com,Aug-2020,0.005110062893081761
674,New Zealand,stuff.co.nz,Aug-2020,0.006746626686656672
675,USA,huffpost.com,Aug-2020,0.008361204013377926
676,USA,theatlantic.com,Aug-2020,0.007692307692307693
677,Ireland,irishexaminer.com,Aug-2020,0.008109477952356817
678,UK,walesonline.co.uk,Aug-2020,0.0021156558533145277
679,USA,time.com,Aug-2020,0.0033112582781456954
680,UK,channel4.com,Aug-2020,0.0055248618784530384
681,Ireland,rte.ie,Aug-2020,0.005509641873278237
682,Canada,thestar.com,Aug-2020,0.0065420560747663555
683,USA,usatoday.com,Aug-2020,0.004484304932735426
684,Ireland,irishtimes.com,Aug-2020,0.007833920877399139
685,UK,thetimes.co.uk,Aug-2020,0.005088708568284968
686,USA,cbsnews.com,Aug-2020,0.014029995162070633
687,International,rt.com,Aug-2020,0.027225130890052355
688,UK,economist.com,Aug-2020,0.020134228187919462
689,Australia,smh.com.au,Aug-2020,0.01171569903670919
690,USA,wsj.com,Aug-2020,0.015904572564612324
691,New Zealand,newshub.co.nz,Aug-2020,0.007215007215007215
692,German,dw.com,Aug-2020,0.025110782865583457
693,UK,metro.co.uk,Aug-2020,0.0046353522867737945
694,USA,foxnews.com,Aug-2020,0.0066189382682696205
695,UK,thesun.co.uk,Aug-2020,0.002077477697665893
696,UK,mirror.co.uk,Aug-2020,0.002007024586051179
697,UK,express.co.uk,Aug-2020,0.00513548951048951
698,New Zealand,scoop.co.nz,Aug-2020,0.009386733416770964
699,UK,independent.co.uk,Aug-2020,0.008542445274959957
700,International,cnbc.com,Aug-2020,0.028826355525051476
701,UK,telegraph.co.uk,Aug-2020,0.006682086867129272
702,UK,bbc.com,Aug-2020,0.008356545961002786
703,Ireland,irishmirror.ie,Aug-2020,0.001713796058269066
704,International,nbcnews.com,Sep-2020,0.021487603305785124
705,USA,msnbc.com,Sep-2020,0.027565084226646247
706,UK,telegraph.co.uk,Sep-2020,0.008003880669415474
707,UK,metro.co.uk,Sep-2020,0.0034034653465346535
708,Ireland,irishexaminer.com,Sep-2020,0.008187772925764192
709,Ireland,thesun.ie,Sep-2020,0.0026563138536984062
710,USA,businessinsider.com,Sep-2020,0.013444598980064905
711,USA,washingtontimes.com,Sep-2020,0.01709844559585492
712,Ireland,independent.ie,Sep-2020,0.01038961038961039
713,New Zealand,rnz.co.nz,Sep-2020,0.008525149190110827
714,UK,dailymail.co.uk,Sep-2020,0.006313131313131313
715,UK,mirror.co.uk,Sep-2020,0.0026878578941217715
716,Canada,theglobeandmail.com,Sep-2020,0.015907005200367086
717,UK,independent.co.uk,Sep-2020,0.0044753853804077575
718,UK,thetimes.co.uk,Sep-2020,0.006709533128319821
719,UK,economist.com,Sep-2020,0.00974025974025974
720,German,dw.com,Sep-2020,0.027346637102734665
721,Canada,vancouversun.com,Sep-2020,0.0028129395218002813
722,UK,itv.com,Sep-2020,0.013447432762836185
723,USA,nypost.com,Sep-2020,0.010930418555051986
724,International,upi.com,Sep-2020,0.01708150317227916
725,Australia,abc.net.au,Sep-2020,0.02262253875157101
726,Canada,torontosun.com,Sep-2020,0.006309148264984227
727,New Zealand,scoop.co.nz,Sep-2020,0.009021512838306732
728,New Zealand,stuff.co.nz,Sep-2020,0.00650142218610321
729,USA,csmonitor.com,Sep-2020,0.0027624309392265192
730,Australia,thewest.com.au,Sep-2020,0.003814973772055317
731,UK,scotsman.com,Sep-2020,0.004826254826254826
732,France,france24.com,Sep-2020,0.014743589743589743
733,USA,foxnews.com,Sep-2020,0.018919379580705643
734,UK,news.sky.com,Sep-2020,0.009625668449197862
735,Australia,smh.com.au,Sep-2020,0.010007900974453516
736,USA,politico.com,Sep-2020,0.026747195858498704
737,Canada,macleans.ca,Sep-2020,0.014388489208633094
738,International,cnbc.com,Sep-2020,0.0364784286215363
739,New Zealand,newshub.co.nz,Sep-2020,0.008908685968819599
740,USA,huffpost.com,Sep-2020,0.014099783080260303
741,Canada,ctvnews.ca,Sep-2020,0.019771071800208116
742,USA,latimes.com,Sep-2020,0.006064281382656155
743,New Zealand,nzherald.co.nz,Sep-2020,0.0093009300930093
744,UK,bbc.com,Sep-2020,0.009872029250457038
745,USA,chicagotribune.com,Sep-2020,0.010122311261071278
746,USA,wsj.com,Sep-2020,0.022754491017964073
747,International,news.yahoo.com,Sep-2020,0.032992837853704354
748,Ireland,breakingnews.ie,Sep-2020,0.009868421052631578
749,USA,thehill.com,Sep-2020,0.027726432532347505
750,International,edition.cnn.com,Sep-2020,0.02403393025447691
751,USA,theatlantic.com,Sep-2020,0.007936507936507936
752,USA,time.com,Sep-2020,0.013565891472868217
753,Ireland,thejournal.ie,Sep-2020,0.007473841554559043
754,USA,npr.org,Sep-2020,0.02729044834307992
755,International,rt.com,Sep-2020,0.02377003869541183
756,UK,standard.co.uk,Sep-2020,0.006701771182383916
757,USA,slate.com,Sep-2020,0.012396694214876033
758,Australia,theage.com.au,Sep-2020,0.011624763449580968
759,USA,cbsnews.com,Sep-2020,0.0362669245647969
760,USA,washingtonpost.com,Sep-2020,0.014809236947791165
761,USA,nytimes.com,Sep-2020,0.031023102310231022
762,UK,thesun.co.uk,Sep-2020,0.004007285974499089
763,Australia,9news.com.au,Sep-2020,0.020491803278688523
764,Ireland,rte.ie,Sep-2020,0.0026595744680851063
765,UK,morningstaronline.co.uk,Sep-2020,0.0
766,Australia,sbs.com.au,Sep-2020,0.025136612021857924
767,USA,breitbart.com,Sep-2020,0.010169491525423728
768,Australia,afr.com,Sep-2020,0.012898602651379433
769,Canada,globalnews.ca,Sep-2020,0.019927536231884056
770,UK,channel4.com,Sep-2020,0.0
771,USA,bostonglobe.com,Sep-2020,0.015324165029469547
772,Ireland,irishmirror.ie,Sep-2020,0.0021208907741251328
773,USA,apnews.com,Sep-2020,0.009792401096748922
774,International,euronews.com,Sep-2020,0.01774622892635315
775,UK,dailystar.co.uk,Sep-2020,0.0038910505836575876
776,Canada,thestar.com,Sep-2020,0.009626955475330927
777,Ireland,irishtimes.com,Sep-2020,0.010243730130695867
778,USA,newsweek.com,Sep-2020,0.016955995155429955
779,International,abcnews.go.com,Sep-2020,0.015658061785865426
780,Canada,cbc.ca,Sep-2020,0.01303538175046555
781,UK,walesonline.co.uk,Sep-2020,0.003486750348675035
782,UK,liverpoolecho.co.uk,Sep-2020,0.0016240357287860333
783,UK,theguardian.com,Sep-2020,0.011139992573338284
784,USA,inquirer.com,Sep-2020,0.013916500994035786
785,USA,usatoday.com,Sep-2020,0.011409127301841474
786,USA,westernjournal.com,Sep-2020,0.008445945945945946
787,International,reuters.com,Sep-2020,0.026088374368172185
788,Australia,news.com.au,Sep-2020,0.005440414507772021
789,UK,express.co.uk,Sep-2020,0.005922449435691138
790,International,wnd.com,Sep-2020,0.010218978102189781
791,International,aljazeera.com,Sep-2020,0.01636568848758465
792,USA,thehill.com,Oct-2020,0.022252191503708697
793,International,news.yahoo.com,Oct-2020,0.017843289371605897
794,USA,apnews.com,Oct-2020,0.010656753407682776
795,Australia,sbs.com.au,Oct-2020,0.009174311926605505
796,Ireland,thejournal.ie,Oct-2020,0.00646551724137931
797,USA,foxnews.com,Oct-2020,0.007531967069539324
798,UK,walesonline.co.uk,Oct-2020,0.003875968992248062
799,USA,newsweek.com,Oct-2020,0.006318589956767542
800,International,abcnews.go.com,Oct-2020,0.011481056257175661
801,USA,csmonitor.com,Oct-2020,0.0
802,New Zealand,scoop.co.nz,Oct-2020,0.00608695652173913
803,Ireland,irishmirror.ie,Oct-2020,0.005766062602965404
804,UK,standard.co.uk,Oct-2020,0.007535460992907801
805,USA,theatlantic.com,Oct-2020,0.007267441860465116
806,New Zealand,rnz.co.nz,Oct-2020,0.007334963325183374
807,UK,metro.co.uk,Oct-2020,0.003693181818181818
808,International,reuters.com,Oct-2020,0.022483940042826552
809,USA,nypost.com,Oct-2020,0.009606147934678195
810,UK,news.sky.com,Oct-2020,0.013408973697782363
811,Australia,afr.com,Oct-2020,0.006936838262139467
812,Canada,theglobeandmail.com,Oct-2020,0.011725796752856284
813,Australia,smh.com.au,Oct-2020,0.008693428790590641
814,UK,morningstaronline.co.uk,Oct-2020,0.0
815,Ireland,independent.ie,Oct-2020,0.008719346049046322
816,USA,inquirer.com,Oct-2020,0.0071877807726864335
817,International,cnbc.com,Oct-2020,0.02316346790205162
818,Australia,news.com.au,Oct-2020,0.0029108229690394285
819,UK,mirror.co.uk,Oct-2020,0.004592280004964627
820,UK,theguardian.com,Oct-2020,0.008336353751359188
821,New Zealand,nzherald.co.nz,Oct-2020,0.006330783434450013
822,USA,breitbart.com,Oct-2020,0.004838298955946015
823,International,euronews.com,Oct-2020,0.009931245225362872
824,USA,politico.com,Oct-2020,0.021243115656963022
825,UK,dailystar.co.uk,Oct-2020,0.004536962903656259
826,UK,economist.com,Oct-2020,0.016835016835016835
827,France,france24.com,Oct-2020,0.006326034063260341
828,UK,liverpoolecho.co.uk,Oct-2020,0.002139495079161318
829,Canada,vancouversun.com,Oct-2020,0.0063006300630063005
830,International,nbcnews.com,Oct-2020,0.012485811577752554
831,UK,independent.co.uk,Oct-2020,0.00717835450027609
832,International,aljazeera.com,Oct-2020,0.015616585891222402
833,UK,telegraph.co.uk,Oct-2020,0.007865414026655014
834,Ireland,rte.ie,Oct-2020,0.007326007326007326
835,USA,time.com,Oct-2020,0.024714828897338403
836,USA,businessinsider.com,Oct-2020,0.01222992254382389
837,USA,latimes.com,Oct-2020,0.005668934240362812
838,International,edition.cnn.com,Oct-2020,0.019013128112267994
839,Canada,thestar.com,Oct-2020,0.006493506493506494
840,UK,express.co.uk,Oct-2020,0.005716751159529717
841,USA,huffpost.com,Oct-2020,0.003443187407771766
842,Canada,torontosun.com,Oct-2020,0.004647560030983733
843,USA,westernjournal.com,Oct-2020,0.0008445945945945946
844,Australia,thewest.com.au,Oct-2020,0.002748511223087494
845,USA,msnbc.com,Oct-2020,0.010084033613445379
846,USA,usatoday.com,Oct-2020,0.006805366517596733
847,Australia,9news.com.au,Oct-2020,0.0066555740432612314
848,Canada,cbc.ca,Oct-2020,0.017424242424242425
849,UK,thetimes.co.uk,Oct-2020,0.0072666294019005035
850,Australia,abc.net.au,Oct-2020,0.01287001287001287
851,Canada,macleans.ca,Oct-2020,0.0
852,Ireland,thesun.ie,Oct-2020,0.002325581395348837
853,Ireland,irishexaminer.com,Oct-2020,0.006546644844517185
854,International,rt.com,Oct-2020,0.025600835945663532
855,USA,washingtontimes.com,Oct-2020,0.006676204101096805
856,UK,thesun.co.uk,Oct-2020,0.005396977692492204
857,USA,slate.com,Oct-2020,0.009280742459396751
858,USA,chicagotribune.com,Oct-2020,0.0036824877250409165
859,Ireland,irishtimes.com,Oct-2020,0.0063335679099225895
860,USA,bostonglobe.com,Oct-2020,0.009265858873841768
861,Ireland,breakingnews.ie,Oct-2020,0.0032679738562091504
862,Canada,globalnews.ca,Oct-2020,0.011166617690273288
863,Australia,theage.com.au,Oct-2020,0.010021097046413503
864,UK,channel4.com,Oct-2020,0.006578947368421052
865,USA,washingtonpost.com,Oct-2020,0.007706139224248652
866,UK,bbc.com,Oct-2020,0.008449514152936205
867,UK,scotsman.com,Oct-2020,0.0028188865398167725
868,International,wnd.com,Oct-2020,0.007198952879581152
869,USA,npr.org,Oct-2020,0.022018348623853212
870,UK,itv.com,Oct-2020,0.01375
871,USA,cbsnews.com,Oct-2020,0.01681818181818182
872,New Zealand,stuff.co.nz,Oct-2020,0.0033924843423799585
873,International,upi.com,Oct-2020,0.014398513701811427
874,UK,dailymail.co.uk,Oct-2020,0.005101674211396135
875,German,dw.com,Oct-2020,0.012863913337846988
876,Canada,ctvnews.ca,Oct-2020,0.019749835418038184
877,USA,nytimes.com,Oct-2020,0.012918379330593071
878,USA,wsj.com,Oct-2020,0.023046453006841917
879,International,nbcnews.com,Nov-2020,0.04646697388632873
880,UK,channel4.com,Nov-2020,0.055776892430278883
881,UK,scotsman.com,Nov-2020,0.025246305418719212
882,Ireland,irishmirror.ie,Nov-2020,0.012443438914027148
883,UK,morningstaronline.co.uk,Nov-2020,0.0
884,Canada,vancouversun.com,Nov-2020,0.02677029360967185
885,International,aljazeera.com,Nov-2020,0.045481393975191964
886,Ireland,irishexaminer.com,Nov-2020,0.02569593147751606
887,UK,liverpoolecho.co.uk,Nov-2020,0.013394430736693691
888,USA,thehill.com,Nov-2020,0.039634146341463415
889,Canada,thestar.com,Nov-2020,0.041990668740279936
890,UK,news.sky.com,Nov-2020,0.04821802935010482
891,Canada,globalnews.ca,Nov-2020,0.03965631196298744
892,Australia,news.com.au,Nov-2020,0.011646803900325027
893,Australia,smh.com.au,Nov-2020,0.025527192008879023
894,UK,express.co.uk,Nov-2020,0.02496425822060926
895,International,rt.com,Nov-2020,0.051203277009728626
896,USA,washingtontimes.com,Nov-2020,0.020554984583761562
897,USA,csmonitor.com,Nov-2020,0.0
898,USA,msnbc.com,Nov-2020,0.04501607717041801
899,New Zealand,stuff.co.nz,Nov-2020,0.005398539218799619
900,International,reuters.com,Nov-2020,0.06521739130434782
901,Ireland,thesun.ie,Nov-2020,0.0018365472910927456
902,UK,standard.co.uk,Nov-2020,0.030215827338129497
903,UK,mirror.co.uk,Nov-2020,0.01647337901950448
904,USA,bostonglobe.com,Nov-2020,0.022192779065915866
905,USA,apnews.com,Nov-2020,0.025359668373567422
906,USA,politico.com,Nov-2020,0.0308411214953271
907,Australia,thewest.com.au,Nov-2020,0.009510223490252021
908,USA,usatoday.com,Nov-2020,0.02009413468501086
909,USA,newsweek.com,Nov-2020,0.02486737400530504
910,Canada,cbc.ca,Nov-2020,0.03923205342237062
911,Ireland,irishtimes.com,Nov-2020,0.030476873431337398
912,USA,foxnews.com,Nov-2020,0.028008499130770716
913,USA,slate.com,Nov-2020,0.025
914,Canada,theglobeandmail.com,Nov-2020,0.04062202475404633
915,USA,npr.org,Nov-2020,0.03333333333333333
916,Ireland,independent.ie,Nov-2020,0.03161397670549085
917,UK,telegraph.co.uk,Nov-2020,0.039898132427843805
918,UK,thesun.co.uk,Nov-2020,0.015006002400960384
919,USA,nytimes.com,Nov-2020,0.03169213355970572
920,USA,theatlantic.com,Nov-2020,0.009693053311793215
921,USA,nypost.com,Nov-2020,0.02344152498712004
922,International,abcnews.go.com,Nov-2020,0.027777777777777776
923,Canada,torontosun.com,Nov-2020,0.023402340234023402
924,UK,thetimes.co.uk,Nov-2020,0.02405300302462912
925,USA,washingtonpost.com,Nov-2020,0.01751592356687898
926,USA,latimes.com,Nov-2020,0.016478190630048465
927,Australia,abc.net.au,Nov-2020,0.027586206896551724
928,Ireland,rte.ie,Nov-2020,0.03146853146853147
929,UK,walesonline.co.uk,Nov-2020,0.01694915254237288
930,International,news.yahoo.com,Nov-2020,0.05413062928720549
931,UK,theguardian.com,Nov-2020,0.03611480707089907
932,Australia,theage.com.au,Nov-2020,0.026019080659150044
933,International,edition.cnn.com,Nov-2020,0.03253588516746411
934,USA,inquirer.com,Nov-2020,0.01966568338249754
935,New Zealand,scoop.co.nz,Nov-2020,0.01803921568627451
936,UK,bbc.com,Nov-2020,0.027324812692816218
937,USA,time.com,Nov-2020,0.04793028322440087
938,International,cnbc.com,Nov-2020,0.007151370679380214
939,International,upi.com,Nov-2020,0.008928571428571428
940,USA,wsj.com,Nov-2020,0.015723270440251572
941,UK,itv.com,Nov-2020,0.07918263090676884
942,Ireland,breakingnews.ie,Nov-2020,0.013100436681222707
943,USA,huffpost.com,Nov-2020,0.0
944,German,dw.com,Nov-2020,0.06183368869936034
945,Australia,sbs.com.au,Nov-2020,0.03311965811965812
946,International,wnd.com,Nov-2020,0.026124818577648767
947,USA,westernjournal.com,Nov-2020,0.017838405036726127
948,France,france24.com,Nov-2020,0.0361328125
949,UK,dailystar.co.uk,Nov-2020,0.010947930574098798
950,USA,breitbart.com,Nov-2020,0.0019743336623889436
951,USA,chicagotribune.com,Nov-2020,0.01927386822052891
952,Australia,afr.com,Nov-2020,0.03936439147706754
953,UK,metro.co.uk,Nov-2020,0.003089598352214212
954,Canada,macleans.ca,Nov-2020,0.02877697841726619
955,Australia,9news.com.au,Nov-2020,0.02347024308466052
956,UK,dailymail.co.uk,Nov-2020,0.012620857627869216
957,USA,cbsnews.com,Nov-2020,0.004665629860031105
958,USA,businessinsider.com,Nov-2020,0.04602131036046248
959,New Zealand,nzherald.co.nz,Nov-2020,0.016129032258064516
960,New Zealand,rnz.co.nz,Nov-2020,0.018700787401574805
961,International,euronews.com,Nov-2020,0.039045553145336226
962,UK,independent.co.uk,Nov-2020,0.0307746727980191
963,Canada,ctvnews.ca,Nov-2020,0.010948905109489052
964,UK,economist.com,Nov-2020,0.0
965,Ireland,thejournal.ie,Nov-2020,0.01653282947567312
966,Australia,sbs.com.au,Dec-2020,0.07870967741935483
967,New Zealand,scoop.co.nz,Dec-2020,0.025261324041811847
968,USA,wsj.com,Dec-2020,0.0
969,International,cnbc.com,Dec-2020,0.011627906976744186
970,UK,walesonline.co.uk,Dec-2020,0.049576783555018135
971,UK,dailystar.co.uk,Dec-2020,0.016151361329026302
972,USA,nytimes.com,Dec-2020,0.12483912483912483
973,Ireland,rte.ie,Dec-2020,0.08231173380035026
974,UK,express.co.uk,Dec-2020,0.035467223015262984
975,New Zealand,stuff.co.nz,Dec-2020,0.010680907877169559
976,Ireland,irishtimes.com,Dec-2020,0.05777054515866558
977,International,reuters.com,Dec-2020,0.09766763848396501
978,Ireland,thejournal.ie,Dec-2020,0.059587813620071685
979,Australia,thewest.com.au,Dec-2020,0.01220703125
980,USA,businessinsider.com,Dec-2020,0.06878664862426703
981,UK,economist.com,Dec-2020,0.0
982,International,aljazeera.com,Dec-2020,0.07252358490566038
983,USA,usatoday.com,Dec-2020,0.0556184012066365
984,New Zealand,rnz.co.nz,Dec-2020,0.03568464730290456
985,Australia,9news.com.au,Dec-2020,0.054982817869415807
986,New Zealand,nzherald.co.nz,Dec-2020,0.020847810979847115
987,Australia,smh.com.au,Dec-2020,0.030393325387365912
988,USA,csmonitor.com,Dec-2020,0.0
989,USA,npr.org,Dec-2020,0.07906976744186046
990,UK,mirror.co.uk,Dec-2020,0.030388294879009566
991,USA,foxnews.com,Dec-2020,0.068742418115649
992,Ireland,breakingnews.ie,Dec-2020,0.03208556149732621
993,International,news.yahoo.com,Dec-2020,0.12873839807493984
994,USA,chicagotribune.com,Dec-2020,0.06355738454503887
995,USA,time.com,Dec-2020,0.10176991150442478
996,Australia,news.com.au,Dec-2020,0.020037570444583593
997,Ireland,irishexaminer.com,Dec-2020,0.05267857142857143
998,Ireland,independent.ie,Dec-2020,0.0786179268903355
999,Canada,ctvnews.ca,Dec-2020,0.14285714285714285
1000,Canada,theglobeandmail.com,Dec-2020,0.08415398388540735
1001,USA,westernjournal.com,Dec-2020,0.05708848715509039
1002,Canada,torontosun.com,Dec-2020,0.05434782608695652
1003,UK,dailymail.co.uk,Dec-2020,0.024460319925454263
1004,International,nbcnews.com,Dec-2020,0.17014519056261343
1005,International,edition.cnn.com,Dec-2020,0.09365079365079365
1006,International,upi.com,Dec-2020,0.02127659574468085
1007,UK,telegraph.co.uk,Dec-2020,0.056010928961748634
1008,USA,theatlantic.com,Dec-2020,0.028985507246376812
1009,Ireland,thesun.ie,Dec-2020,0.0
1010,International,abcnews.go.com,Dec-2020,0.07437641723356009
1011,USA,breitbart.com,Dec-2020,0.0
1012,USA,politico.com,Dec-2020,0.0891089108910891
1013,Canada,vancouversun.com,Dec-2020,0.04774083546462063
1014,USA,newsweek.com,Dec-2020,0.05810862134447398
1015,Australia,abc.net.au,Dec-2020,0.05038022813688213
1016,USA,inquirer.com,Dec-2020,0.06243705941591138
1017,UK,itv.com,Dec-2020,0.13195342820181113
1018,International,rt.com,Dec-2020,0.09526315789473684
1019,UK,bbc.com,Dec-2020,0.053864168618266976
1020,UK,news.sky.com,Dec-2020,0.08592425098925947
1021,USA,cbsnews.com,Dec-2020,0.0
1022,Australia,theage.com.au,Dec-2020,0.03188066686165546
1023,UK,thetimes.co.uk,Dec-2020,0.03813761322103925
1024,USA,washingtontimes.com,Dec-2020,0.0649616368286445
1025,UK,independent.co.uk,Dec-2020,0.05427841634738186
1026,USA,washingtonpost.com,Dec-2020,0.06149137451307735
1027,USA,latimes.com,Dec-2020,0.0544
1028,Canada,macleans.ca,Dec-2020,0.1297709923664122
1029,USA,msnbc.com,Dec-2020,0.14285714285714285
1030,Canada,globalnews.ca,Dec-2020,0.12582128777923784
1031,UK,standard.co.uk,Dec-2020,0.04040404040404041
1032,German,dw.com,Dec-2020,0.09748892171344166
1033,USA,bostonglobe.com,Dec-2020,0.08091832894241625
1034,UK,theguardian.com,Dec-2020,0.04586800851557964
1035,UK,channel4.com,Dec-2020,0.08108108108108109
1036,France,france24.com,Dec-2020,0.07544378698224852
1037,USA,nypost.com,Dec-2020,0.05435370470524608
1038,International,wnd.com,Dec-2020,0.05076923076923077
1039,Canada,cbc.ca,Dec-2020,0.08973322554567502
1040,UK,morningstaronline.co.uk,Dec-2020,0.007462686567164179
1041,UK,scotsman.com,Dec-2020,0.03031973539140022
1042,Ireland,irishmirror.ie,Dec-2020,0.023858214042263123
1043,USA,huffpost.com,Dec-2020,0.02857142857142857
1044,International,euronews.com,Dec-2020,0.08746130030959752
1045,USA,slate.com,Dec-2020,0.03835227272727273
1046,USA,apnews.com,Dec-2020,0.07996702390766694
1047,UK,metro.co.uk,Dec-2020,0.10526315789473684
1048,Australia,afr.com,Dec-2020,0.03640552995391705
1049,UK,liverpoolecho.co.uk,Dec-2020,0.018570851836899476
1050,Canada,thestar.com,Dec-2020,0.04962572775159412
1051,UK,thesun.co.uk,Dec-2020,0.02485143165856294
1052,USA,thehill.com,Dec-2020,0.10850661625708885
1053,Ireland,thesun.ie,Jan-2021,0.014705882352941176
1054,Australia,abc.net.au,Jan-2021,0.05515463917525773
1055,USA,slate.com,Jan-2021,0.029577464788732393
1056,German,dw.com,Jan-2021,0.09766763848396501
1057,Ireland,thejournal.ie,Jan-2021,0.059491371480472295
1058,International,news.yahoo.com,Jan-2021,0.12106724244293646
1059,USA,washingtonpost.com,Jan-2021,0.05176238599950703
1060,USA,businessinsider.com,Jan-2021,0.04459203036053131
1061,International,nbcnews.com,Jan-2021,0.120304114490161
1062,USA,newsweek.com,Jan-2021,0.04695945945945946
1063,UK,liverpoolecho.co.uk,Jan-2021,0.023726176584986387
1064,International,abcnews.go.com,Jan-2021,0.07233502538071065
1065,UK,dailystar.co.uk,Jan-2021,0.016135538523598225
1066,Canada,globalnews.ca,Jan-2021,0.10377043710377044
1067,USA,bostonglobe.com,Jan-2021,0.0647940074906367
1068,USA,apnews.com,Jan-2021,0.07977627318221961
1069,New Zealand,rnz.co.nz,Jan-2021,0.04756380510440835
1070,International,wnd.com,Jan-2021,0.036334913112164295
1071,Australia,9news.com.au,Jan-2021,0.04304932735426009
1072,UK,metro.co.uk,Jan-2021,0.05442176870748299
1073,USA,cbsnews.com,Jan-2021,0.09375
1074,USA,usatoday.com,Jan-2021,0.040620721131903244
1075,New Zealand,stuff.co.nz,Jan-2021,0.007827788649706457
1076,Ireland,irishmirror.ie,Jan-2021,0.022788203753351208
1077,UK,itv.com,Jan-2021,0.17565872020075282
1078,International,aljazeera.com,Jan-2021,0.07118055555555555
1079,International,edition.cnn.com,Jan-2021,0.07348242811501597
1080,USA,npr.org,Jan-2021,0.09292035398230089
1081,UK,economist.com,Jan-2021,0.0
1082,USA,nytimes.com,Jan-2021,0.09085365853658536
1083,International,rt.com,Jan-2021,0.09494324045407637
1084,UK,news.sky.com,Jan-2021,0.11063140852671344
1085,Australia,smh.com.au,Jan-2021,0.046750955601293734
1086,Canada,macleans.ca,Jan-2021,0.09016393442622951
1087,USA,huffpost.com,Jan-2021,0.02702702702702703
1088,Australia,sbs.com.au,Jan-2021,0.07814992025518341
1089,UK,independent.co.uk,Jan-2021,0.056105610561056105
1090,UK,telegraph.co.uk,Jan-2021,0.07804147958092794
1091,Australia,theage.com.au,Jan-2021,0.048887496082732684
1092,Ireland,irishtimes.com,Jan-2021,0.07341576506955177
1093,International,cnbc.com,Jan-2021,0.022727272727272728
1094,UK,express.co.uk,Jan-2021,0.06194052886099393
1095,USA,msnbc.com,Jan-2021,0.0603448275862069
1096,Canada,vancouversun.com,Jan-2021,0.05042016806722689
1097,UK,thetimes.co.uk,Jan-2021,0.04563347426738592
1098,USA,inquirer.com,Jan-2021,0.07003501750875438
1099,Canada,theglobeandmail.com,Jan-2021,0.07111251580278129
1100,Ireland,breakingnews.ie,Jan-2021,0.05357142857142857
1101,UK,scotsman.com,Jan-2021,0.05398457583547558
1102,USA,theatlantic.com,Jan-2021,0.034653465346534656
1103,International,reuters.com,Jan-2021,0.09197530864197531
1104,USA,csmonitor.com,Jan-2021,0.0
1105,New Zealand,scoop.co.nz,Jan-2021,0.04007285974499089
1106,UK,dailymail.co.uk,Jan-2021,0.037437541949436944
1107,UK,thesun.co.uk,Jan-2021,0.0434559671836944
1108,USA,foxnews.com,Jan-2021,0.047459629775502166
1109,USA,latimes.com,Jan-2021,0.05920444033302498
1110,USA,wsj.com,Jan-2021,0.0
1111,USA,chicagotribune.com,Jan-2021,0.05892778023925565
1112,UK,bbc.com,Jan-2021,0.059619238476953905
1113,International,euronews.com,Jan-2021,0.11032308904649331
1114,Ireland,rte.ie,Jan-2021,0.08303249097472924
1115,USA,time.com,Jan-2021,0.07366071428571429
1116,Canada,cbc.ca,Jan-2021,0.07760711398544867
1117,International,upi.com,Jan-2021,0.0
1118,Ireland,irishexaminer.com,Jan-2021,0.04633529907329402
1119,USA,westernjournal.com,Jan-2021,0.03460837887067395
1120,UK,mirror.co.uk,Jan-2021,0.03429046037019459
1121,USA,politico.com,Jan-2021,0.049372384937238493
1122,Canada,thestar.com,Jan-2021,0.08283132530120482
1123,USA,washingtontimes.com,Jan-2021,0.03901098901098901
1124,Australia,news.com.au,Jan-2021,0.028346456692913385
1125,Canada,torontosun.com,Jan-2021,0.06550907655880031
1126,France,france24.com,Jan-2021,0.07006960556844548
1127,USA,nypost.com,Jan-2021,0.05630810092961487
1128,USA,thehill.com,Jan-2021,0.06484402383456012
1129,Australia,afr.com,Jan-2021,0.039573143619386394
1130,UK,theguardian.com,Jan-2021,0.06497622820919176
1131,Australia,thewest.com.au,Jan-2021,0.02350536535513541
1132,USA,breitbart.com,Jan-2021,0.037037037037037035
1133,UK,morningstaronline.co.uk,Jan-2021,0.037037037037037035
1134,New Zealand,nzherald.co.nz,Jan-2021,0.018760195758564437
1135,Canada,ctvnews.ca,Jan-2021,0.0935672514619883
1136,Ireland,independent.ie,Jan-2021,0.06436041834271923
1137,UK,walesonline.co.uk,Jan-2021,0.07302118171683389
1138,UK,standard.co.uk,Jan-2021,0.0637037037037037
1139,UK,channel4.com,Jan-2021,0.18018018018018017
1140,USA,foxnews.com,Feb-2021,0.03904206077681626
1141,UK,dailystar.co.uk,Feb-2021,0.014831717056474614
1142,Australia,afr.com,Feb-2021,0.034376207029741215
1143,USA,newsweek.com,Feb-2021,0.04109077325364214
1144,USA,breitbart.com,Feb-2021,0.025236593059936908
1145,USA,apnews.com,Feb-2021,0.07472324723247233
1146,New Zealand,rnz.co.nz,Feb-2021,0.04978962131837307
1147,UK,walesonline.co.uk,Feb-2021,0.051941238195173135
1148,International,rt.com,Feb-2021,0.08333333333333333
1149,UK,metro.co.uk,Feb-2021,0.04009433962264151
1150,Australia,theage.com.au,Feb-2021,0.0461446859184281
1151,USA,inquirer.com,Feb-2021,0.07997731140102099
1152,Canada,cbc.ca,Feb-2021,0.08488964346349745
1153,New Zealand,scoop.co.nz,Feb-2021,0.04387291981845688
1154,USA,chicagotribune.com,Feb-2021,0.06841866787494336
1155,UK,thetimes.co.uk,Feb-2021,0.043827160493827164
1156,UK,itv.com,Feb-2021,0.1448087431693989
1157,UK,dailymail.co.uk,Feb-2021,0.03385293654542592
1158,UK,independent.co.uk,Feb-2021,0.052494577006507594
1159,International,news.yahoo.com,Feb-2021,0.11666666666666667
1160,Australia,smh.com.au,Feb-2021,0.04591394744441236
1161,USA,usatoday.com,Feb-2021,0.03902765388046387
1162,USA,businessinsider.com,Feb-2021,0.0395301558617574
1163,Australia,abc.net.au,Feb-2021,0.07737291947818263
1164,UK,thesun.co.uk,Feb-2021,0.035315040650406505
1165,German,dw.com,Feb-2021,0.11443530291697832
1166,International,cnbc.com,Feb-2021,0.06349206349206349
1167,Canada,theglobeandmail.com,Feb-2021,0.07220795892169447
1168,USA,slate.com,Feb-2021,0.046583850931677016
1169,France,france24.com,Feb-2021,0.0669050051072523
1170,Ireland,thejournal.ie,Feb-2021,0.06348314606741573
1171,Canada,globalnews.ca,Feb-2021,0.10043352601156069
1172,Australia,news.com.au,Feb-2021,0.039566236811254395
1173,Canada,macleans.ca,Feb-2021,0.14018691588785046
1174,UK,economist.com,Feb-2021,0.02666666666666667
1175,USA,msnbc.com,Feb-2021,0.09034907597535935
1176,Australia,sbs.com.au,Feb-2021,0.1111111111111111
1177,USA,npr.org,Feb-2021,0.09975062344139651
1178,Canada,ctvnews.ca,Feb-2021,0.09873949579831932
1179,International,wnd.com,Feb-2021,0.020338983050847456
1180,International,nbcnews.com,Feb-2021,0.08809234507897934
1181,International,aljazeera.com,Feb-2021,0.084696261682243
1182,USA,wsj.com,Feb-2021,0.030303030303030304
1183,International,reuters.com,Feb-2021,0.07801276935355148
1184,UK,scotsman.com,Feb-2021,0.04310803618946248
1185,Ireland,thesun.ie,Feb-2021,0.017691659646166806
1186,New Zealand,stuff.co.nz,Feb-2021,0.02875629043853343
1187,USA,nytimes.com,Feb-2021,0.10372881355932204
1188,USA,washingtonpost.com,Feb-2021,0.053206997084548104
1189,UK,morningstaronline.co.uk,Feb-2021,0.027906976744186046
1190,USA,politico.com,Feb-2021,0.050473186119873815
1191,USA,westernjournal.com,Feb-2021,0.023529411764705882
1192,Australia,9news.com.au,Feb-2021,0.07917888563049853
1193,International,upi.com,Feb-2021,0.0
1194,USA,csmonitor.com,Feb-2021,0.020618556701030927
1195,Australia,thewest.com.au,Feb-2021,0.02091254752851711
1196,UK,standard.co.uk,Feb-2021,0.05375
1197,USA,thehill.com,Feb-2021,0.06539017341040462
1198,International,edition.cnn.com,Feb-2021,0.08449197860962566
1199,USA,nypost.com,Feb-2021,0.036619718309859155
1200,USA,time.com,Feb-2021,0.09114583333333333
1201,USA,huffpost.com,Feb-2021,0.035326086956521736
1202,Ireland,rte.ie,Feb-2021,0.08097928436911488
1203,UK,liverpoolecho.co.uk,Feb-2021,0.02391581632653061
1204,UK,bbc.com,Feb-2021,0.0523045054375971
1205,UK,news.sky.com,Feb-2021,0.11925601750547046
1206,International,euronews.com,Feb-2021,0.09217660728117738
1207,Ireland,irishexaminer.com,Feb-2021,0.04133545310015898
1208,Canada,thestar.com,Feb-2021,0.06074766355140187
1209,Ireland,independent.ie,Feb-2021,0.05233494363929147
1210,Ireland,breakingnews.ie,Feb-2021,0.06792452830188679
1211,Canada,vancouversun.com,Feb-2021,0.05711849957374254
1212,UK,telegraph.co.uk,Feb-2021,0.0556922388727354
1213,UK,theguardian.com,Feb-2021,0.05976168652612282
1214,UK,channel4.com,Feb-2021,0.17894736842105263
1215,International,abcnews.go.com,Feb-2021,0.07479601087941977
1216,USA,bostonglobe.com,Feb-2021,0.0958381061473845
1217,USA,washingtontimes.com,Feb-2021,0.040756054341405785
1218,Ireland,irishmirror.ie,Feb-2021,0.0284789644012945
1219,UK,express.co.uk,Feb-2021,0.07803095442820292
1220,USA,cbsnews.com,Feb-2021,0.09826589595375723
1221,New Zealand,nzherald.co.nz,Feb-2021,0.026959247648902823
1222,UK,mirror.co.uk,Feb-2021,0.03101652705456192
1223,USA,latimes.com,Feb-2021,0.0774260151410874
1224,USA,theatlantic.com,Feb-2021,0.03917910447761194
1225,Canada,torontosun.com,Feb-2021,0.055790363482671176
1226,Ireland,irishtimes.com,Feb-2021,0.07148499210110584
1227,Canada,globalnews.ca,Mar-2021,0.16149461684610514
1228,UK,independent.co.uk,Mar-2021,0.051885031728256814
1229,UK,express.co.uk,Mar-2021,0.08026200019552253
1230,Canada,vancouversun.com,Mar-2021,0.06431852986217458
1231,UK,theguardian.com,Mar-2021,0.04915514592933948
1232,UK,liverpoolecho.co.uk,Mar-2021,0.016709147550269046
1233,USA,thehill.com,Mar-2021,0.0728862973760933
1234,International,upi.com,Mar-2021,0.0
1235,Australia,theage.com.au,Mar-2021,0.04468085106382979
1236,Canada,thestar.com,Mar-2021,0.1364190012180268
1237,Ireland,rte.ie,Mar-2021,0.12547528517110265
1238,Australia,sbs.com.au,Mar-2021,0.07583547557840617
1239,Australia,abc.net.au,Mar-2021,0.06617963042544048
1240,UK,thesun.co.uk,Mar-2021,0.036522178693289525
1241,UK,bbc.com,Mar-2021,0.05683419445749178
1242,France,france24.com,Mar-2021,0.06874717322478517
1243,New Zealand,nzherald.co.nz,Mar-2021,0.027622594661700806
1244,Ireland,irishtimes.com,Mar-2021,0.07283197831978319
1245,USA,wsj.com,Mar-2021,0.08394366197183098
1246,UK,dailymail.co.uk,Mar-2021,0.03160629239428489
1247,International,aljazeera.com,Mar-2021,0.08260646485377117
1248,Ireland,irishmirror.ie,Mar-2021,0.04059278350515464
1249,Ireland,breakingnews.ie,Mar-2021,0.07224334600760456
1250,UK,morningstaronline.co.uk,Mar-2021,0.011111111111111112
1251,USA,westernjournal.com,Mar-2021,0.016423357664233577
1252,UK,mirror.co.uk,Mar-2021,0.022991046755830663
1253,UK,scotsman.com,Mar-2021,0.027709054923305294
1254,Ireland,thejournal.ie,Mar-2021,0.06189083820662768
1255,UK,news.sky.com,Mar-2021,0.10320641282565131
1256,Ireland,thesun.ie,Mar-2021,0.030419715055833654
1257,USA,csmonitor.com,Mar-2021,0.01634877384196185
1258,UK,telegraph.co.uk,Mar-2021,0.054955649826455844
1259,USA,npr.org,Mar-2021,0.0575
1260,UK,economist.com,Mar-2021,0.07692307692307693
1261,Australia,afr.com,Mar-2021,0.03435934144595562
1262,USA,breitbart.com,Mar-2021,0.041559920296043266
1263,UK,thetimes.co.uk,Mar-2021,0.034699489328270265
1264,Canada,ctvnews.ca,Mar-2021,0.12708018154311648
1265,USA,cbsnews.com,Mar-2021,0.09825606125053168
1266,USA,huffpost.com,Mar-2021,0.04647058823529412
1267,USA,foxnews.com,Mar-2021,0.037430268130286125
1268,German,dw.com,Mar-2021,0.10615989515072084
1269,UK,channel4.com,Mar-2021,0.10952380952380952
1270,International,abcnews.go.com,Mar-2021,0.08123476848090982
1271,USA,washingtonpost.com,Mar-2021,0.0449438202247191
1272,USA,washingtontimes.com,Mar-2021,0.04386892177589852
1273,USA,apnews.com,Mar-2021,0.07071226536384674
1274,International,rt.com,Mar-2021,0.08846761453396525
1275,USA,bostonglobe.com,Mar-2021,0.09394313967861558
1276,USA,latimes.com,Mar-2021,0.0641025641025641
1277,Canada,cbc.ca,Mar-2021,0.10764430577223089
1278,UK,standard.co.uk,Mar-2021,0.04607977991746905
1279,USA,theatlantic.com,Mar-2021,0.044642857142857144
1280,Canada,theglobeandmail.com,Mar-2021,0.09129640900791236
1281,International,wnd.com,Mar-2021,0.030232558139534883
1282,Ireland,irishexaminer.com,Mar-2021,0.06462585034013606
1283,USA,nytimes.com,Mar-2021,0.11189220855301699
1284,Canada,torontosun.com,Mar-2021,0.06209150326797386
1285,International,euronews.com,Mar-2021,0.12970069071373752
1286,USA,usatoday.com,Mar-2021,0.045575221238938056
1287,UK,dailystar.co.uk,Mar-2021,0.009120900446341937
1288,USA,chicagotribune.com,Mar-2021,0.07471264367816093
1289,New Zealand,stuff.co.nz,Mar-2021,0.024292903001908728
1290,International,news.yahoo.com,Mar-2021,0.12064459930313588
1291,International,nbcnews.com,Mar-2021,0.07963594994311718
1292,New Zealand,scoop.co.nz,Mar-2021,0.04513888888888889
1293,UK,walesonline.co.uk,Mar-2021,0.03815580286168521
1294,International,cnbc.com,Mar-2021,0.06166560712015257
1295,International,edition.cnn.com,Mar-2021,0.08270321361058601
1296,USA,newsweek.com,Mar-2021,0.04765056254136334
1297,Canada,macleans.ca,Mar-2021,0.12727272727272726
1298,International,reuters.com,Mar-2021,0.09946029298380879
1299,USA,businessinsider.com,Mar-2021,0.045135192676176286
1300,Australia,news.com.au,Mar-2021,0.027340513670256836
1301,USA,nypost.com,Mar-2021,0.033783783783783786
1302,USA,slate.com,Mar-2021,0.04796511627906977
1303,UK,metro.co.uk,Mar-2021,0.0355945318545267
1304,Ireland,independent.ie,Mar-2021,0.08243340532757379
1305,Australia,smh.com.au,Mar-2021,0.03983760466886577
1306,Australia,9news.com.au,Mar-2021,0.06905594405594405
1307,USA,msnbc.com,Mar-2021,0.1078167115902965
1308,USA,time.com,Mar-2021,0.09927360774818401
1309,USA,politico.com,Mar-2021,0.055503292568203196
1310,Australia,thewest.com.au,Mar-2021,0.017998244073748903
1311,UK,itv.com,Mar-2021,0.11910669975186104
1312,USA,inquirer.com,Mar-2021,0.09237618252643294
1313,New Zealand,rnz.co.nz,Mar-2021,0.0661006670709521
1314,USA,nytimes.com,Apr-2021,0.09433962264150944
1315,UK,standard.co.uk,Apr-2021,0.037900874635568516
1316,UK,channel4.com,Apr-2021,0.125
1317,Australia,theage.com.au,Apr-2021,0.05027932960893855
1318,UK,theguardian.com,Apr-2021,0.035
1319,International,news.yahoo.com,Apr-2021,0.14705882352941177
1320,USA,time.com,Apr-2021,0.16666666666666666
1321,Australia,news.com.au,Apr-2021,0.050505050505050504
1322,USA,huffpost.com,Apr-2021,0.05128205128205128
1323,New Zealand,nzherald.co.nz,Apr-2021,0.02142857142857143
1324,USA,csmonitor.com,Apr-2021,0.0
1325,International,abcnews.go.com,Apr-2021,0.06382978723404255
1326,France,france24.com,Apr-2021,0.05925925925925926
1327,International,cnbc.com,Apr-2021,0.07729468599033816
1328,International,rt.com,Apr-2021,0.08
1329,International,aljazeera.com,Apr-2021,0.08547008547008547
1330,USA,thehill.com,Apr-2021,0.05747126436781609
1331,Ireland,irishtimes.com,Apr-2021,0.12048192771084337
1332,German,dw.com,Apr-2021,0.16666666666666666
1333,UK,itv.com,Apr-2021,0.18181818181818182
1334,International,reuters.com,Apr-2021,0.05
1335,Canada,globalnews.ca,Apr-2021,0.12921348314606743
1336,UK,mirror.co.uk,Apr-2021,0.03289473684210526
1337,UK,thetimes.co.uk,Apr-2021,0.05732484076433121
1338,International,edition.cnn.com,Apr-2021,0.02040816326530612
1339,UK,dailymail.co.uk,Apr-2021,0.03836317135549872
1340,International,euronews.com,Apr-2021,0.05747126436781609
1341,Canada,cbc.ca,Apr-2021,0.10909090909090909
1342,USA,nypost.com,Apr-2021,0.0326530612244898
1343,USA,usatoday.com,Apr-2021,0.07909604519774012
1344,USA,theatlantic.com,Apr-2021,0.13559322033898305
1345,USA,washingtonpost.com,Apr-2021,0.04878048780487805
1346,Canada,vancouversun.com,Apr-2021,0.06557377049180328
1347,UK,express.co.uk,Apr-2021,0.06153846153846154
1348,UK,scotsman.com,Apr-2021,0.006369426751592357
1349,USA,newsweek.com,Apr-2021,0.0718562874251497
1350,New Zealand,stuff.co.nz,Apr-2021,0.020618556701030927
1351,UK,news.sky.com,Apr-2021,0.17647058823529413
1352,USA,cbsnews.com,Apr-2021,0.06222222222222222
1353,USA,apnews.com,Apr-2021,0.06934306569343066
1354,USA,wsj.com,Apr-2021,0.0975609756097561
1355,USA,npr.org,Apr-2021,0.0851063829787234
1356,USA,westernjournal.com,Apr-2021,0.020833333333333332
1357,Australia,abc.net.au,Apr-2021,0.09574468085106383
1358,USA,msnbc.com,Apr-2021,0.08609271523178808
1359,International,wnd.com,Apr-2021,0.045454545454545456
1360,USA,chicagotribune.com,Apr-2021,0.13513513513513514
1361,Australia,afr.com,Apr-2021,0.0660377358490566
1362,UK,liverpoolecho.co.uk,Apr-2021,0.021505376344086023
1363,UK,thesun.co.uk,Apr-2021,0.031141868512110725
1364,USA,politico.com,Apr-2021,0.06722689075630252
1365,USA,foxnews.com,Apr-2021,0.023121387283236993
1366,UK,economist.com,Apr-2021,0.14285714285714285
1367,USA,latimes.com,Apr-2021,0.10526315789473684
1368,International,nbcnews.com,Apr-2021,0.10759493670886076
1369,Australia,smh.com.au,Apr-2021,0.049723756906077346
1370,UK,morningstaronline.co.uk,Apr-2021,0.047619047619047616
1371,UK,bbc.com,Apr-2021,0.06470588235294118
1372,USA,washingtontimes.com,Apr-2021,0.07975460122699386
1373,USA,breitbart.com,Apr-2021,0.03202846975088968
1374,USA,businessinsider.com,Apr-2021,0.014925373134328358
1375,UK,telegraph.co.uk,Apr-2021,0.045584045584045586
1376,Ireland,thesun.ie,Apr-2021,0.017241379310344827
